<?xml version="1.0" encoding="UTF-8"?><?xml-stylesheet type='text/xsl' href='_UpgradeReport_Files/UpgradeReport.xslt'?><UpgradeLog>
<Properties><Property Name="Solution" Value="SgmlReader">
</Property><Property Name="Solution File" Value="C:\Users\Cristian Trapattoni\Downloads\MindTouch-SGMLReader-1.8.7-18-g44777b9\MindTouch-SGMLReader-44777b9\SgmlReader.sln">
</Property><Property Name="Date" Value="lunedì 21 febbraio 2011">
</Property><Property Name="Time" Value="10:41">
</Property></Properties><Event ErrorLevel="1" Project="SgmlReader" Source="CommandLine\SgmlReader.csproj" Description="Your project is targeting .NET Framework 2.0 or 3.0. If your project uses assemblies requiring a newer .NET Framework, your project will fail to build. You can change the .NET Framework version by clicking Properties on the project menu and then selecting a new version in the '.NET Framework' dropdown box. (In Visual Basic, this is located on the Compile tab by clicking the 'Advanced Compiler Options...' button.)">
</Event><Event ErrorLevel="0" Project="SgmlReader" Source="CommandLine\SgmlReader.csproj" Description="Project converted successfully">
</Event><Event ErrorLevel="3" Project="SgmlReader" Source="CommandLine\SgmlReader.csproj" Description="Converted">
</Event><Event ErrorLevel="1" Project="SgmlReaderDll" Source="sgmlreaderdll\SgmlReaderDll.csproj" Description="Your project is targeting .NET Framework 2.0 or 3.0. If your project uses assemblies requiring a newer .NET Framework, your project will fail to build. You can change the .NET Framework version by clicking Properties on the project menu and then selecting a new version in the '.NET Framework' dropdown box. (In Visual Basic, this is located on the Compile tab by clicking the 'Advanced Compiler Options...' button.)">
</Event><Event ErrorLevel="0" Project="SgmlReaderDll" Source="sgmlreaderdll\SgmlReaderDll.csproj" Description="Project converted successfully">
</Event><Event ErrorLevel="3" Project="SgmlReaderDll" Source="sgmlreaderdll\SgmlReaderDll.csproj" Description="Converted">
</Event><Event ErrorLevel="0" Project="SGMLTests" Source="SGMLTests\SGMLTests.csproj" Description="Project converted successfully">
</Event><Event ErrorLevel="3" Project="SGMLTests" Source="SGMLTests\SGMLTests.csproj" Description="Converted">
</Event><Event ErrorLevel="0" Project="" Source="SgmlReader.sln" Description="Solution converted successfully">
</Event><Event ErrorLevel="3" Project="" Source="SgmlReader.sln" Description="Converted">
</Event><Event ErrorLevel="0" Project="SgmlReader" Source="CommandLine\SgmlReader.csproj" Description="Scan complete: Upgrade not required for project files.">
</Event><Event ErrorLevel="0" Project="SgmlReaderDll" Source="sgmlreaderdll\SgmlReaderDll.csproj" Description="Scan complete: Upgrade not required for project files.">
</Event><Event ErrorLevel="0" Project="SGMLTests" Source="SGMLTests\SGMLTests.csproj" Description="Scan complete: Upgrade not required for project files.">
</Event></UpgradeLog>